,GradCAM,AttentionRollout
GradCAM,1.0,0.1017373528704546
AttentionRollout,0.1017373528704546,1.0
