,ResNet18,ResNet50,ViT_B_32,Swin_T,DeiT_S,EfficientNet_B3
ResNet18,1.0000009536743164,0.8567697405815125,0.5849331617355347,0.8025451898574829,0.6653795838356018,0.7995557188987732
ResNet50,0.8567697405815125,1.000001072883606,0.6127557754516602,0.8627244234085083,0.6454263925552368,0.8226428031921387
ViT_B_32,0.5849331617355347,0.6127557754516602,1.0000004768371582,0.5863119959831238,0.5469111800193787,0.6103178262710571
Swin_T,0.8025451898574829,0.8627244234085083,0.5863119959831238,1.0000003576278687,0.6590919494628906,0.7738723754882812
DeiT_S,0.6653795838356018,0.6454263925552368,0.5469111800193787,0.6590919494628906,1.0000004768371582,0.6486604809761047
EfficientNet_B3,0.7995557188987732,0.8226428031921387,0.6103178262710571,0.7738723754882812,0.6486604809761047,1.0000003576278687
