,ResNet18,ResNet50,ViT_B_32,Swin_T,DeiT_S,EfficientNet_B3
ResNet18,1,0.8735265731811523,0.886217474937439,0.8630121946334839,0.9007997512817383,0.8805469274520874
ResNet50,0.8735265731811523,1,0.8760150074958801,0.8710658550262451,0.891907811164856,0.8868086338043213
ViT_B_32,0.886217474937439,0.8760150074958801,1,0.845021665096283,0.9068607091903687,0.867641270160675
Swin_T,0.8630121946334839,0.8710658550262451,0.845021665096283,1,0.8914498090744019,0.8750314712524414
DeiT_S,0.9007997512817383,0.891907811164856,0.9068607091903687,0.8914498090744019,1,0.8974621295928955
EfficientNet_B3,0.8805469274520874,0.8868086338043213,0.867641270160675,0.8750314712524414,0.8974621295928955,1
